name,label
painted_stork/00000002.jpg,painted_stork
painted_stork/00000131.jpg,painted_stork
painted_stork/00000105.jpg,painted_stork
painted_stork/00000063.jpg,painted_stork
painted_stork/00000114.jpg,painted_stork
painted_stork/00000162.jpg,painted_stork
painted_stork/00000032.jpg,painted_stork
painted_stork/00000193.jpg,painted_stork
painted_stork/00000167.jpg,painted_stork
painted_stork/00000012.jpg,painted_stork
painted_stork/00000018.jpg,painted_stork
painted_stork/00000109.jpg,painted_stork
painted_stork/00000095.jpg,painted_stork
painted_stork/00000034.jpg,painted_stork
painted_stork/00000133.jpg,painted_stork
painted_stork/00000116.jpg,painted_stork
painted_stork/00000021.jpg,painted_stork
painted_stork/00000037.jpg,painted_stork
painted_stork/00000185.jpg,painted_stork
painted_stork/00000170.jpg,painted_stork
painted_stork/00000079.jpg,painted_stork
painted_stork/00000194.jpg,painted_stork
painted_stork/00000130.jpg,painted_stork
painted_stork/00000195.jpg,painted_stork
painted_stork/00000077.jpg,painted_stork
painted_stork/00000103.jpg,painted_stork
painted_stork/00000157.jpg,painted_stork
painted_stork/00000104.jpg,painted_stork
painted_stork/00000009.jpg,painted_stork
painted_stork/00000078.jpg,painted_stork
painted_stork/00000139.jpg,painted_stork
painted_stork/00000005.jpg,painted_stork
painted_stork/00000083.jpg,painted_stork
painted_stork/00000045.jpg,painted_stork
painted_stork/00000058.jpg,painted_stork
painted_stork/00000176.jpg,painted_stork
painted_stork/00000048.jpg,painted_stork
painted_stork/00000036.jpg,painted_stork
painted_stork/00000085.jpg,painted_stork
painted_stork/00000007.jpg,painted_stork
painted_stork/00000039.jpg,painted_stork
painted_stork/00000049.jpg,painted_stork
painted_stork/00000055.jpg,painted_stork
painted_stork/00000092.jpg,painted_stork
painted_stork/00000144.jpg,painted_stork
painted_stork/00000001.jpg,painted_stork
painted_stork/00000061.jpg,painted_stork
painted_stork/00000123.jpg,painted_stork
painted_stork/00000154.jpg,painted_stork
painted_stork/00000188.jpg,painted_stork
painted_stork/00000047.jpg,painted_stork
painted_stork/00000041.jpg,painted_stork
painted_stork/00000038.jpg,painted_stork
painted_stork/00000033.jpg,painted_stork
painted_stork/00000169.jpg,painted_stork
painted_stork/00000113.jpg,painted_stork
painted_stork/00000088.jpg,painted_stork
painted_stork/00000173.jpg,painted_stork
painted_stork/00000020.jpg,painted_stork
painted_stork/00000097.jpg,painted_stork
painted_stork/00000138.jpg,painted_stork
painted_stork/00000117.jpg,painted_stork
painted_stork/00000024.jpg,painted_stork
painted_stork/00000135.jpg,painted_stork
painted_stork/00000127.jpg,painted_stork
painted_stork/00000042.jpg,painted_stork
painted_stork/00000177.jpg,painted_stork
painted_stork/00000051.jpg,painted_stork
painted_stork/00000149.jpg,painted_stork
painted_stork/00000016.jpg,painted_stork
painted_stork/00000027.jpg,painted_stork
painted_stork/00000046.jpg,painted_stork
painted_stork/00000148.jpg,painted_stork
painted_stork/00000142.jpg,painted_stork
painted_stork/00000122.jpg,painted_stork
painted_stork/00000029.jpg,painted_stork
painted_stork/00000064.jpg,painted_stork
painted_stork/00000137.jpg,painted_stork
painted_stork/00000069.jpg,painted_stork
painted_stork/00000100.jpg,painted_stork
painted_stork/00000086.jpg,painted_stork
painted_stork/00000118.jpg,painted_stork
painted_stork/00000183.jpg,painted_stork
painted_stork/00000082.jpg,painted_stork
painted_stork/00000003.jpg,painted_stork
painted_stork/00000040.jpg,painted_stork
painted_stork/00000066.jpg,painted_stork
painted_stork/00000101.jpg,painted_stork
painted_stork/00000111.jpg,painted_stork
painted_stork/00000181.jpg,painted_stork
painted_stork/00000028.jpg,painted_stork
painted_stork/00000070.jpg,painted_stork
painted_stork/00000073.jpg,painted_stork
painted_stork/00000011.jpg,painted_stork
painted_stork/00000008.jpg,painted_stork
painted_stork/00000026.jpg,painted_stork
painted_stork/00000158.jpg,painted_stork
painted_stork/00000054.jpg,painted_stork
painted_stork/00000107.jpg,painted_stork
painted_stork/00000006.jpg,painted_stork
painted_stork/00000084.jpg,painted_stork
painted_stork/00000035.jpg,painted_stork
painted_stork/00000163.jpg,painted_stork
painted_stork/00000019.jpg,painted_stork
painted_stork/00000056.jpg,painted_stork
painted_stork/00000004.jpg,painted_stork
painted_stork/00000165.jpg,painted_stork
painted_stork/00000128.jpg,painted_stork
painted_stork/00000150.jpg,painted_stork
painted_stork/00000050.jpg,painted_stork
painted_stork/00000112.jpg,painted_stork
painted_stork/00000094.jpg,painted_stork
painted_stork/00000099.jpg,painted_stork
painted_stork/00000014.jpg,painted_stork
painted_stork/00000174.jpg,painted_stork
painted_stork/00000182.jpg,painted_stork
painted_stork/00000198.jpg,painted_stork
painted_stork/00000089.jpg,painted_stork
painted_stork/00000052.jpg,painted_stork
painted_stork/00000068.jpg,painted_stork
painted_stork/00000125.jpg,painted_stork
painted_stork/00000000.jpg,painted_stork
painted_stork/00000044.jpg,painted_stork
painted_stork/00000197.jpg,painted_stork
painted_stork/00000161.jpg,painted_stork
painted_stork/00000043.jpg,painted_stork
painted_stork/00000156.jpg,painted_stork
painted_stork/00000146.jpg,painted_stork
painted_stork/00000199.jpg,painted_stork
painted_stork/00000022.jpg,painted_stork
painted_stork/00000166.jpg,painted_stork
painted_stork/00000087.jpg,painted_stork
painted_stork/00000010.jpg,painted_stork
painted_stork/00000119.jpg,painted_stork
painted_stork/00000090.jpg,painted_stork
painted_stork/00000190.jpg,painted_stork
painted_stork/00000062.jpg,painted_stork
painted_stork/00000067.jpg,painted_stork
painted_stork/00000145.jpg,painted_stork
painted_stork/00000179.jpg,painted_stork
painted_stork/00000072.jpg,painted_stork
painted_stork/00000147.jpg,painted_stork
painted_stork/00000152.jpg,painted_stork
painted_stork/00000065.jpg,painted_stork
painted_stork/00000017.jpg,painted_stork
painted_stork/00000136.jpg,painted_stork
painted_stork/00000180.jpg,painted_stork
painted_stork/00000025.jpg,painted_stork
painted_stork/00000189.jpg,painted_stork
painted_stork/00000015.jpg,painted_stork
painted_stork/00000172.jpg,painted_stork
painted_stork/00000091.jpg,painted_stork
painted_stork/00000184.jpg,painted_stork
painted_stork/00000120.jpg,painted_stork
painted_stork/00000124.jpg,painted_stork
painted_stork/00000192.jpg,painted_stork
painted_stork/00000030.jpg,painted_stork
painted_stork/00000187.jpg,painted_stork
painted_stork/00000013.jpg,painted_stork
painted_stork/00000175.jpg,painted_stork
painted_stork/00000186.jpg,painted_stork
painted_stork/00000141.jpg,painted_stork
painted_stork/00000155.jpg,painted_stork
painted_stork/00000132.jpg,painted_stork
painted_stork/00000178.jpg,painted_stork
painted_stork/00000106.jpg,painted_stork
painted_stork/00000153.jpg,painted_stork
painted_stork/00000053.jpg,painted_stork
painted_stork/00000151.jpg,painted_stork
painted_stork/00000057.jpg,painted_stork
painted_stork/00000098.jpg,painted_stork
painted_stork/00000102.jpg,painted_stork
painted_stork/00000023.jpg,painted_stork
painted_stork/00000110.jpg,painted_stork
painted_stork/00000134.jpg,painted_stork
sb_pelican/00000002.jpg,sb_pelican
sb_pelican/00000131.jpg,sb_pelican
sb_pelican/00000105.jpg,sb_pelican
sb_pelican/00000063.jpg,sb_pelican
sb_pelican/00000114.jpg,sb_pelican
sb_pelican/00000162.jpg,sb_pelican
sb_pelican/00000032.jpg,sb_pelican
sb_pelican/00000193.jpg,sb_pelican
sb_pelican/00000167.jpg,sb_pelican
sb_pelican/00000012.jpg,sb_pelican
sb_pelican/00000018.jpg,sb_pelican
sb_pelican/00000109.jpg,sb_pelican
sb_pelican/00000095.jpg,sb_pelican
sb_pelican/00000034.jpg,sb_pelican
sb_pelican/00000133.jpg,sb_pelican
sb_pelican/00000116.jpg,sb_pelican
sb_pelican/00000021.jpg,sb_pelican
sb_pelican/00000037.jpg,sb_pelican
sb_pelican/00000185.jpg,sb_pelican
sb_pelican/00000140.jpg,sb_pelican
sb_pelican/00000170.jpg,sb_pelican
sb_pelican/00000079.jpg,sb_pelican
sb_pelican/00000194.jpg,sb_pelican
sb_pelican/00000130.jpg,sb_pelican
sb_pelican/00000195.jpg,sb_pelican
sb_pelican/00000077.jpg,sb_pelican
sb_pelican/00000103.jpg,sb_pelican
sb_pelican/00000157.jpg,sb_pelican
sb_pelican/00000104.jpg,sb_pelican
sb_pelican/00000009.jpg,sb_pelican
sb_pelican/00000078.jpg,sb_pelican
sb_pelican/00000126.jpg,sb_pelican
sb_pelican/00000139.jpg,sb_pelican
sb_pelican/00000005.jpg,sb_pelican
sb_pelican/00000083.jpg,sb_pelican
sb_pelican/00000045.jpg,sb_pelican
sb_pelican/00000058.jpg,sb_pelican
sb_pelican/00000171.jpg,sb_pelican
sb_pelican/00000176.jpg,sb_pelican
sb_pelican/00000048.jpg,sb_pelican
sb_pelican/00000036.jpg,sb_pelican
sb_pelican/00000085.jpg,sb_pelican
sb_pelican/00000007.jpg,sb_pelican
sb_pelican/00000039.jpg,sb_pelican
sb_pelican/00000049.jpg,sb_pelican
sb_pelican/00000108.jpg,sb_pelican
sb_pelican/00000055.jpg,sb_pelican
sb_pelican/00000092.jpg,sb_pelican
sb_pelican/00000144.jpg,sb_pelican
sb_pelican/00000001.jpg,sb_pelican
sb_pelican/00000061.jpg,sb_pelican
sb_pelican/00000093.jpg,sb_pelican
sb_pelican/00000123.jpg,sb_pelican
sb_pelican/00000188.jpg,sb_pelican
sb_pelican/00000047.jpg,sb_pelican
sb_pelican/00000041.jpg,sb_pelican
sb_pelican/00000038.jpg,sb_pelican
sb_pelican/00000033.jpg,sb_pelican
sb_pelican/00000059.jpg,sb_pelican
sb_pelican/00000169.jpg,sb_pelican
sb_pelican/00000113.jpg,sb_pelican
sb_pelican/00000088.jpg,sb_pelican
sb_pelican/00000173.jpg,sb_pelican
sb_pelican/00000020.jpg,sb_pelican
sb_pelican/00000097.jpg,sb_pelican
sb_pelican/00000121.jpg,sb_pelican
sb_pelican/00000138.jpg,sb_pelican
sb_pelican/00000117.jpg,sb_pelican
sb_pelican/00000024.jpg,sb_pelican
sb_pelican/00000135.jpg,sb_pelican
sb_pelican/00000127.jpg,sb_pelican
sb_pelican/00000080.jpg,sb_pelican
sb_pelican/00000168.jpg,sb_pelican
sb_pelican/00000042.jpg,sb_pelican
sb_pelican/00000129.jpg,sb_pelican
sb_pelican/00000177.jpg,sb_pelican
sb_pelican/00000051.jpg,sb_pelican
sb_pelican/00000149.jpg,sb_pelican
sb_pelican/00000016.jpg,sb_pelican
sb_pelican/00000027.jpg,sb_pelican
sb_pelican/00000046.jpg,sb_pelican
sb_pelican/00000148.jpg,sb_pelican
sb_pelican/00000142.jpg,sb_pelican
sb_pelican/00000029.jpg,sb_pelican
sb_pelican/00000064.jpg,sb_pelican
sb_pelican/00000137.jpg,sb_pelican
sb_pelican/00000069.jpg,sb_pelican
sb_pelican/00000100.jpg,sb_pelican
sb_pelican/00000086.jpg,sb_pelican
sb_pelican/00000118.jpg,sb_pelican
sb_pelican/00000183.jpg,sb_pelican
sb_pelican/00000191.jpg,sb_pelican
sb_pelican/00000082.jpg,sb_pelican
sb_pelican/00000003.jpg,sb_pelican
sb_pelican/00000040.jpg,sb_pelican
sb_pelican/00000066.jpg,sb_pelican
sb_pelican/00000101.jpg,sb_pelican
sb_pelican/00000111.jpg,sb_pelican
sb_pelican/00000181.jpg,sb_pelican
sb_pelican/00000075.jpg,sb_pelican
sb_pelican/00000028.jpg,sb_pelican
sb_pelican/00000159.jpg,sb_pelican
sb_pelican/00000070.jpg,sb_pelican
sb_pelican/00000073.jpg,sb_pelican
sb_pelican/00000011.jpg,sb_pelican
sb_pelican/00000008.jpg,sb_pelican
sb_pelican/00000026.jpg,sb_pelican
sb_pelican/00000158.jpg,sb_pelican
sb_pelican/00000071.jpg,sb_pelican
sb_pelican/00000054.jpg,sb_pelican
sb_pelican/00000107.jpg,sb_pelican
sb_pelican/00000006.jpg,sb_pelican
sb_pelican/00000084.jpg,sb_pelican
sb_pelican/00000060.jpg,sb_pelican
sb_pelican/00000035.jpg,sb_pelican
sb_pelican/00000163.jpg,sb_pelican
sb_pelican/00000019.jpg,sb_pelican
sb_pelican/00000056.jpg,sb_pelican
sb_pelican/00000004.jpg,sb_pelican
sb_pelican/00000165.jpg,sb_pelican
sb_pelican/00000128.jpg,sb_pelican
sb_pelican/00000150.jpg,sb_pelican
sb_pelican/00000050.jpg,sb_pelican
sb_pelican/00000112.jpg,sb_pelican
sb_pelican/00000094.jpg,sb_pelican
sb_pelican/00000099.jpg,sb_pelican
sb_pelican/00000014.jpg,sb_pelican
sb_pelican/00000174.jpg,sb_pelican
sb_pelican/00000182.jpg,sb_pelican
sb_pelican/00000198.jpg,sb_pelican
sb_pelican/00000089.jpg,sb_pelican
sb_pelican/00000074.jpg,sb_pelican
sb_pelican/00000115.jpg,sb_pelican
sb_pelican/00000052.jpg,sb_pelican
sb_pelican/00000068.jpg,sb_pelican
sb_pelican/00000125.jpg,sb_pelican
sb_pelican/00000000.jpg,sb_pelican
sb_pelican/00000044.jpg,sb_pelican
sb_pelican/00000197.jpg,sb_pelican
sb_pelican/00000161.jpg,sb_pelican
sb_pelican/00000043.jpg,sb_pelican
sb_pelican/00000156.jpg,sb_pelican
sb_pelican/00000146.jpg,sb_pelican
sb_pelican/00000199.jpg,sb_pelican
sb_pelican/00000022.jpg,sb_pelican
sb_pelican/00000096.jpg,sb_pelican
sb_pelican/00000166.jpg,sb_pelican
sb_pelican/00000087.jpg,sb_pelican
sb_pelican/00000010.jpg,sb_pelican
sb_pelican/00000119.jpg,sb_pelican
sb_pelican/00000090.jpg,sb_pelican
sb_pelican/00000164.jpg,sb_pelican
sb_pelican/00000031.jpg,sb_pelican
sb_pelican/00000062.jpg,sb_pelican
sb_pelican/00000067.jpg,sb_pelican
sb_pelican/00000145.jpg,sb_pelican
sb_pelican/00000179.jpg,sb_pelican
sb_pelican/00000072.jpg,sb_pelican
sb_pelican/00000147.jpg,sb_pelican
sb_pelican/00000152.jpg,sb_pelican
sb_pelican/00000196.jpg,sb_pelican
sb_pelican/00000065.jpg,sb_pelican
sb_pelican/00000017.jpg,sb_pelican
sb_pelican/00000180.jpg,sb_pelican
sb_pelican/00000160.jpg,sb_pelican
sb_pelican/00000025.jpg,sb_pelican
sb_pelican/00000189.jpg,sb_pelican
sb_pelican/00000015.jpg,sb_pelican
sb_pelican/00000172.jpg,sb_pelican
sb_pelican/00000091.jpg,sb_pelican
sb_pelican/00000143.jpg,sb_pelican
sb_pelican/00000184.jpg,sb_pelican
sb_pelican/00000120.jpg,sb_pelican
sb_pelican/00000124.jpg,sb_pelican
sb_pelican/00000192.jpg,sb_pelican
sb_pelican/00000030.jpg,sb_pelican
sb_pelican/00000187.jpg,sb_pelican
sb_pelican/00000175.jpg,sb_pelican
sb_pelican/00000186.jpg,sb_pelican
sb_pelican/00000141.jpg,sb_pelican
sb_pelican/00000155.jpg,sb_pelican
sb_pelican/00000132.jpg,sb_pelican
sb_pelican/00000178.jpg,sb_pelican
sb_pelican/00000106.jpg,sb_pelican
sb_pelican/00000153.jpg,sb_pelican
sb_pelican/00000053.jpg,sb_pelican
sb_pelican/00000151.jpg,sb_pelican
sb_pelican/00000057.jpg,sb_pelican
sb_pelican/00000098.jpg,sb_pelican
sb_pelican/00000102.jpg,sb_pelican
sb_pelican/00000023.jpg,sb_pelican
sb_pelican/00000110.jpg,sb_pelican
sb_pelican/00000134.jpg,sb_pelican
fish_eagle/00000002.jpg,fish_eagle
fish_eagle/00000131.jpg,fish_eagle
fish_eagle/00000105.jpg,fish_eagle
fish_eagle/00000063.jpg,fish_eagle
fish_eagle/00000114.jpg,fish_eagle
fish_eagle/00000162.jpg,fish_eagle
fish_eagle/00000032.jpg,fish_eagle
fish_eagle/00000193.jpg,fish_eagle
fish_eagle/00000167.jpg,fish_eagle
fish_eagle/00000012.jpg,fish_eagle
fish_eagle/00000018.jpg,fish_eagle
fish_eagle/00000109.jpg,fish_eagle
fish_eagle/00000095.jpg,fish_eagle
fish_eagle/00000034.jpg,fish_eagle
fish_eagle/00000133.jpg,fish_eagle
fish_eagle/00000116.jpg,fish_eagle
fish_eagle/00000021.jpg,fish_eagle
fish_eagle/00000037.jpg,fish_eagle
fish_eagle/00000185.jpg,fish_eagle
fish_eagle/00000140.jpg,fish_eagle
fish_eagle/00000170.jpg,fish_eagle
fish_eagle/00000079.jpg,fish_eagle
fish_eagle/00000194.jpg,fish_eagle
fish_eagle/00000130.jpg,fish_eagle
fish_eagle/00000195.jpg,fish_eagle
fish_eagle/00000077.jpg,fish_eagle
fish_eagle/00000103.jpg,fish_eagle
fish_eagle/00000081.jpg,fish_eagle
fish_eagle/00000157.jpg,fish_eagle
fish_eagle/00000009.jpg,fish_eagle
fish_eagle/00000078.jpg,fish_eagle
fish_eagle/00000126.jpg,fish_eagle
fish_eagle/00000139.jpg,fish_eagle
fish_eagle/00000005.jpg,fish_eagle
fish_eagle/00000083.jpg,fish_eagle
fish_eagle/00000045.jpg,fish_eagle
fish_eagle/00000058.jpg,fish_eagle
fish_eagle/00000171.jpg,fish_eagle
fish_eagle/00000176.jpg,fish_eagle
fish_eagle/00000048.jpg,fish_eagle
fish_eagle/00000036.jpg,fish_eagle
fish_eagle/00000085.jpg,fish_eagle
fish_eagle/00000007.jpg,fish_eagle
fish_eagle/00000039.jpg,fish_eagle
fish_eagle/00000049.jpg,fish_eagle
fish_eagle/00000108.jpg,fish_eagle
fish_eagle/00000055.jpg,fish_eagle
fish_eagle/00000092.jpg,fish_eagle
fish_eagle/00000144.jpg,fish_eagle
fish_eagle/00000001.jpg,fish_eagle
fish_eagle/00000061.jpg,fish_eagle
fish_eagle/00000093.jpg,fish_eagle
fish_eagle/00000154.jpg,fish_eagle
fish_eagle/00000188.jpg,fish_eagle
fish_eagle/00000047.jpg,fish_eagle
fish_eagle/00000041.jpg,fish_eagle
fish_eagle/00000038.jpg,fish_eagle
fish_eagle/00000033.jpg,fish_eagle
fish_eagle/00000059.jpg,fish_eagle
fish_eagle/00000169.jpg,fish_eagle
fish_eagle/00000113.jpg,fish_eagle
fish_eagle/00000088.jpg,fish_eagle
fish_eagle/00000173.jpg,fish_eagle
fish_eagle/00000020.jpg,fish_eagle
fish_eagle/00000097.jpg,fish_eagle
fish_eagle/00000121.jpg,fish_eagle
fish_eagle/00000138.jpg,fish_eagle
fish_eagle/00000117.jpg,fish_eagle
fish_eagle/00000024.jpg,fish_eagle
fish_eagle/00000135.jpg,fish_eagle
fish_eagle/00000127.jpg,fish_eagle
fish_eagle/00000080.jpg,fish_eagle
fish_eagle/00000076.jpg,fish_eagle
fish_eagle/00000168.jpg,fish_eagle
fish_eagle/00000042.jpg,fish_eagle
fish_eagle/00000129.jpg,fish_eagle
fish_eagle/00000177.jpg,fish_eagle
fish_eagle/00000051.jpg,fish_eagle
fish_eagle/00000149.jpg,fish_eagle
fish_eagle/00000016.jpg,fish_eagle
fish_eagle/00000027.jpg,fish_eagle
fish_eagle/00000046.jpg,fish_eagle
fish_eagle/00000148.jpg,fish_eagle
fish_eagle/00000142.jpg,fish_eagle
fish_eagle/00000122.jpg,fish_eagle
fish_eagle/00000029.jpg,fish_eagle
fish_eagle/00000064.jpg,fish_eagle
fish_eagle/00000137.jpg,fish_eagle
fish_eagle/00000069.jpg,fish_eagle
fish_eagle/00000100.jpg,fish_eagle
fish_eagle/00000118.jpg,fish_eagle
fish_eagle/00000183.jpg,fish_eagle
fish_eagle/00000191.jpg,fish_eagle
fish_eagle/00000082.jpg,fish_eagle
fish_eagle/00000003.jpg,fish_eagle
fish_eagle/00000040.jpg,fish_eagle
fish_eagle/00000101.jpg,fish_eagle
fish_eagle/00000111.jpg,fish_eagle
fish_eagle/00000181.jpg,fish_eagle
fish_eagle/00000028.jpg,fish_eagle
fish_eagle/00000159.jpg,fish_eagle
fish_eagle/00000070.jpg,fish_eagle
fish_eagle/00000073.jpg,fish_eagle
fish_eagle/00000011.jpg,fish_eagle
fish_eagle/00000008.jpg,fish_eagle
fish_eagle/00000026.jpg,fish_eagle
fish_eagle/00000071.jpg,fish_eagle
fish_eagle/00000054.jpg,fish_eagle
fish_eagle/00000107.jpg,fish_eagle
fish_eagle/00000006.jpg,fish_eagle
fish_eagle/00000084.jpg,fish_eagle
fish_eagle/00000060.jpg,fish_eagle
fish_eagle/00000035.jpg,fish_eagle
fish_eagle/00000163.jpg,fish_eagle
fish_eagle/00000019.jpg,fish_eagle
fish_eagle/00000056.jpg,fish_eagle
fish_eagle/00000004.jpg,fish_eagle
fish_eagle/00000165.jpg,fish_eagle
fish_eagle/00000128.jpg,fish_eagle
fish_eagle/00000150.jpg,fish_eagle
fish_eagle/00000050.jpg,fish_eagle
fish_eagle/00000112.jpg,fish_eagle
fish_eagle/00000094.jpg,fish_eagle
fish_eagle/00000099.jpg,fish_eagle
fish_eagle/00000014.jpg,fish_eagle
fish_eagle/00000174.jpg,fish_eagle
fish_eagle/00000182.jpg,fish_eagle
fish_eagle/00000198.jpg,fish_eagle
fish_eagle/00000089.jpg,fish_eagle
fish_eagle/00000074.jpg,fish_eagle
fish_eagle/00000115.jpg,fish_eagle
fish_eagle/00000052.jpg,fish_eagle
fish_eagle/00000068.jpg,fish_eagle
fish_eagle/00000125.jpg,fish_eagle
fish_eagle/00000000.jpg,fish_eagle
fish_eagle/00000044.jpg,fish_eagle
fish_eagle/00000197.jpg,fish_eagle
fish_eagle/00000161.jpg,fish_eagle
fish_eagle/00000043.jpg,fish_eagle
fish_eagle/00000156.jpg,fish_eagle
fish_eagle/00000146.jpg,fish_eagle
fish_eagle/00000199.jpg,fish_eagle
fish_eagle/00000022.jpg,fish_eagle
fish_eagle/00000166.jpg,fish_eagle
fish_eagle/00000087.jpg,fish_eagle
fish_eagle/00000010.jpg,fish_eagle
fish_eagle/00000119.jpg,fish_eagle
fish_eagle/00000090.jpg,fish_eagle
fish_eagle/00000164.jpg,fish_eagle
fish_eagle/00000190.jpg,fish_eagle
fish_eagle/00000031.jpg,fish_eagle
fish_eagle/00000062.jpg,fish_eagle
fish_eagle/00000067.jpg,fish_eagle
fish_eagle/00000145.jpg,fish_eagle
fish_eagle/00000179.jpg,fish_eagle
fish_eagle/00000072.jpg,fish_eagle
fish_eagle/00000147.jpg,fish_eagle
fish_eagle/00000152.jpg,fish_eagle
fish_eagle/00000196.jpg,fish_eagle
fish_eagle/00000065.jpg,fish_eagle
fish_eagle/00000017.jpg,fish_eagle
fish_eagle/00000136.jpg,fish_eagle
fish_eagle/00000180.jpg,fish_eagle
fish_eagle/00000160.jpg,fish_eagle
fish_eagle/00000025.jpg,fish_eagle
fish_eagle/00000189.jpg,fish_eagle
fish_eagle/00000015.jpg,fish_eagle
fish_eagle/00000172.jpg,fish_eagle
fish_eagle/00000091.jpg,fish_eagle
fish_eagle/00000143.jpg,fish_eagle
fish_eagle/00000184.jpg,fish_eagle
fish_eagle/00000124.jpg,fish_eagle
fish_eagle/00000192.jpg,fish_eagle
fish_eagle/00000030.jpg,fish_eagle
fish_eagle/00000187.jpg,fish_eagle
fish_eagle/00000175.jpg,fish_eagle
fish_eagle/00000186.jpg,fish_eagle
fish_eagle/00000141.jpg,fish_eagle
fish_eagle/00000155.jpg,fish_eagle
fish_eagle/00000132.jpg,fish_eagle
fish_eagle/00000178.jpg,fish_eagle
fish_eagle/00000106.jpg,fish_eagle
fish_eagle/00000053.jpg,fish_eagle
fish_eagle/00000151.jpg,fish_eagle
fish_eagle/00000057.jpg,fish_eagle
fish_eagle/00000098.jpg,fish_eagle
fish_eagle/00000102.jpg,fish_eagle
fish_eagle/00000023.jpg,fish_eagle
fish_eagle/00000110.jpg,fish_eagle
fish_eagle/00000134.jpg,fish_eagle
greater_adj/00000002.jpg,greater_adj
greater_adj/00000105.jpg,greater_adj
greater_adj/00000063.jpg,greater_adj
greater_adj/00000114.jpg,greater_adj
greater_adj/00000162.jpg,greater_adj
greater_adj/00000193.jpg,greater_adj
greater_adj/00000167.jpg,greater_adj
greater_adj/00000012.jpg,greater_adj
greater_adj/00000018.jpg,greater_adj
greater_adj/00000109.jpg,greater_adj
greater_adj/00000095.jpg,greater_adj
greater_adj/00000034.jpg,greater_adj
greater_adj/00000133.jpg,greater_adj
greater_adj/00000116.jpg,greater_adj
greater_adj/00000021.jpg,greater_adj
greater_adj/00000037.jpg,greater_adj
greater_adj/00000185.jpg,greater_adj
greater_adj/00000140.jpg,greater_adj
greater_adj/00000170.jpg,greater_adj
greater_adj/00000079.jpg,greater_adj
greater_adj/00000194.jpg,greater_adj
greater_adj/00000130.jpg,greater_adj
greater_adj/00000077.jpg,greater_adj
greater_adj/00000103.jpg,greater_adj
greater_adj/00000157.jpg,greater_adj
greater_adj/00000104.jpg,greater_adj
greater_adj/00000009.jpg,greater_adj
greater_adj/00000078.jpg,greater_adj
greater_adj/00000126.jpg,greater_adj
greater_adj/00000139.jpg,greater_adj
greater_adj/00000005.jpg,greater_adj
greater_adj/00000083.jpg,greater_adj
greater_adj/00000045.jpg,greater_adj
greater_adj/00000058.jpg,greater_adj
greater_adj/00000171.jpg,greater_adj
greater_adj/00000176.jpg,greater_adj
greater_adj/00000048.jpg,greater_adj
greater_adj/00000036.jpg,greater_adj
greater_adj/00000085.jpg,greater_adj
greater_adj/00000007.jpg,greater_adj
greater_adj/00000039.jpg,greater_adj
greater_adj/00000049.jpg,greater_adj
greater_adj/00000108.jpg,greater_adj
greater_adj/00000055.jpg,greater_adj
greater_adj/00000144.jpg,greater_adj
greater_adj/00000001.jpg,greater_adj
greater_adj/00000061.jpg,greater_adj
greater_adj/00000093.jpg,greater_adj
greater_adj/00000123.jpg,greater_adj
greater_adj/00000154.jpg,greater_adj
greater_adj/00000188.jpg,greater_adj
greater_adj/00000047.jpg,greater_adj
greater_adj/00000041.jpg,greater_adj
greater_adj/00000038.jpg,greater_adj
greater_adj/00000033.jpg,greater_adj
greater_adj/00000169.jpg,greater_adj
greater_adj/00000113.jpg,greater_adj
greater_adj/00000173.jpg,greater_adj
greater_adj/00000020.jpg,greater_adj
greater_adj/00000097.jpg,greater_adj
greater_adj/00000121.jpg,greater_adj
greater_adj/00000138.jpg,greater_adj
greater_adj/00000117.jpg,greater_adj
greater_adj/00000024.jpg,greater_adj
greater_adj/00000135.jpg,greater_adj
greater_adj/00000127.jpg,greater_adj
greater_adj/00000080.jpg,greater_adj
greater_adj/00000076.jpg,greater_adj
greater_adj/00000168.jpg,greater_adj
greater_adj/00000042.jpg,greater_adj
greater_adj/00000129.jpg,greater_adj
greater_adj/00000177.jpg,greater_adj
greater_adj/00000149.jpg,greater_adj
greater_adj/00000016.jpg,greater_adj
greater_adj/00000046.jpg,greater_adj
greater_adj/00000148.jpg,greater_adj
greater_adj/00000142.jpg,greater_adj
greater_adj/00000122.jpg,greater_adj
greater_adj/00000029.jpg,greater_adj
greater_adj/00000064.jpg,greater_adj
greater_adj/00000137.jpg,greater_adj
greater_adj/00000069.jpg,greater_adj
greater_adj/00000100.jpg,greater_adj
greater_adj/00000118.jpg,greater_adj
greater_adj/00000191.jpg,greater_adj
greater_adj/00000082.jpg,greater_adj
greater_adj/00000003.jpg,greater_adj
greater_adj/00000066.jpg,greater_adj
greater_adj/00000101.jpg,greater_adj
greater_adj/00000111.jpg,greater_adj
greater_adj/00000181.jpg,greater_adj
greater_adj/00000075.jpg,greater_adj
greater_adj/00000028.jpg,greater_adj
greater_adj/00000159.jpg,greater_adj
greater_adj/00000070.jpg,greater_adj
greater_adj/00000073.jpg,greater_adj
greater_adj/00000011.jpg,greater_adj
greater_adj/00000008.jpg,greater_adj
greater_adj/00000026.jpg,greater_adj
greater_adj/00000158.jpg,greater_adj
greater_adj/00000054.jpg,greater_adj
greater_adj/00000107.jpg,greater_adj
greater_adj/00000006.jpg,greater_adj
greater_adj/00000084.jpg,greater_adj
greater_adj/00000060.jpg,greater_adj
greater_adj/00000035.jpg,greater_adj
greater_adj/00000019.jpg,greater_adj
greater_adj/00000056.jpg,greater_adj
greater_adj/00000004.jpg,greater_adj
greater_adj/00000165.jpg,greater_adj
greater_adj/00000128.jpg,greater_adj
greater_adj/00000150.jpg,greater_adj
greater_adj/00000050.jpg,greater_adj
greater_adj/00000099.jpg,greater_adj
greater_adj/00000014.jpg,greater_adj
greater_adj/00000174.jpg,greater_adj
greater_adj/00000182.jpg,greater_adj
greater_adj/00000198.jpg,greater_adj
greater_adj/00000089.jpg,greater_adj
greater_adj/00000052.jpg,greater_adj
greater_adj/00000068.jpg,greater_adj
greater_adj/00000125.jpg,greater_adj
greater_adj/00000000.jpg,greater_adj
greater_adj/00000044.jpg,greater_adj
greater_adj/00000197.jpg,greater_adj
greater_adj/00000161.jpg,greater_adj
greater_adj/00000043.jpg,greater_adj
greater_adj/00000156.jpg,greater_adj
greater_adj/00000199.jpg,greater_adj
greater_adj/00000022.jpg,greater_adj
greater_adj/00000166.jpg,greater_adj
greater_adj/00000087.jpg,greater_adj
greater_adj/00000010.jpg,greater_adj
greater_adj/00000119.jpg,greater_adj
greater_adj/00000090.jpg,greater_adj
greater_adj/00000164.jpg,greater_adj
greater_adj/00000031.jpg,greater_adj
greater_adj/00000062.jpg,greater_adj
greater_adj/00000067.jpg,greater_adj
greater_adj/00000072.jpg,greater_adj
greater_adj/00000152.jpg,greater_adj
greater_adj/00000065.jpg,greater_adj
greater_adj/00000017.jpg,greater_adj
greater_adj/00000136.jpg,greater_adj
greater_adj/00000160.jpg,greater_adj
greater_adj/00000025.jpg,greater_adj
greater_adj/00000189.jpg,greater_adj
greater_adj/00000015.jpg,greater_adj
greater_adj/00000172.jpg,greater_adj
greater_adj/00000091.jpg,greater_adj
greater_adj/00000143.jpg,greater_adj
greater_adj/00000184.jpg,greater_adj
greater_adj/00000120.jpg,greater_adj
greater_adj/00000124.jpg,greater_adj
greater_adj/00000192.jpg,greater_adj
greater_adj/00000030.jpg,greater_adj
greater_adj/00000187.jpg,greater_adj
greater_adj/00000013.jpg,greater_adj
greater_adj/00000175.jpg,greater_adj
greater_adj/00000186.jpg,greater_adj
greater_adj/00000141.jpg,greater_adj
greater_adj/00000155.jpg,greater_adj
greater_adj/00000132.jpg,greater_adj
greater_adj/00000178.jpg,greater_adj
greater_adj/00000053.jpg,greater_adj
greater_adj/00000151.jpg,greater_adj
greater_adj/00000057.jpg,greater_adj
greater_adj/00000098.jpg,greater_adj
greater_adj/00000102.jpg,greater_adj
greater_adj/00000023.jpg,greater_adj
greater_adj/00000110.jpg,greater_adj
greater_adj/00000134.jpg,greater_adj
milky_stork/00000002.jpg,milky_stork
milky_stork/00000131.jpg,milky_stork
milky_stork/00000105.jpg,milky_stork
milky_stork/00000114.jpg,milky_stork
milky_stork/00000162.jpg,milky_stork
milky_stork/00000032.jpg,milky_stork
milky_stork/00000193.jpg,milky_stork
milky_stork/00000167.jpg,milky_stork
milky_stork/00000012.jpg,milky_stork
milky_stork/00000018.jpg,milky_stork
milky_stork/00000109.jpg,milky_stork
milky_stork/00000095.jpg,milky_stork
milky_stork/00000034.jpg,milky_stork
milky_stork/00000133.jpg,milky_stork
milky_stork/00000021.jpg,milky_stork
milky_stork/00000037.jpg,milky_stork
milky_stork/00000140.jpg,milky_stork
milky_stork/00000170.jpg,milky_stork
milky_stork/00000079.jpg,milky_stork
milky_stork/00000194.jpg,milky_stork
milky_stork/00000130.jpg,milky_stork
milky_stork/00000195.jpg,milky_stork
milky_stork/00000077.jpg,milky_stork
milky_stork/00000103.jpg,milky_stork
milky_stork/00000081.jpg,milky_stork
milky_stork/00000157.jpg,milky_stork
milky_stork/00000009.jpg,milky_stork
milky_stork/00000078.jpg,milky_stork
milky_stork/00000126.jpg,milky_stork
milky_stork/00000139.jpg,milky_stork
milky_stork/00000005.jpg,milky_stork
milky_stork/00000083.jpg,milky_stork
milky_stork/00000045.jpg,milky_stork
milky_stork/00000058.jpg,milky_stork
milky_stork/00000171.jpg,milky_stork
milky_stork/00000176.jpg,milky_stork
milky_stork/00000048.jpg,milky_stork
milky_stork/00000036.jpg,milky_stork
milky_stork/00000085.jpg,milky_stork
milky_stork/00000007.jpg,milky_stork
milky_stork/00000039.jpg,milky_stork
milky_stork/00000108.jpg,milky_stork
milky_stork/00000055.jpg,milky_stork
milky_stork/00000092.jpg,milky_stork
milky_stork/00000144.jpg,milky_stork
milky_stork/00000001.jpg,milky_stork
milky_stork/00000061.jpg,milky_stork
milky_stork/00000093.jpg,milky_stork
milky_stork/00000123.jpg,milky_stork
milky_stork/00000154.jpg,milky_stork
milky_stork/00000188.jpg,milky_stork
milky_stork/00000047.jpg,milky_stork
milky_stork/00000041.jpg,milky_stork
milky_stork/00000038.jpg,milky_stork
milky_stork/00000033.jpg,milky_stork
milky_stork/00000059.jpg,milky_stork
milky_stork/00000169.jpg,milky_stork
milky_stork/00000113.jpg,milky_stork
milky_stork/00000088.jpg,milky_stork
milky_stork/00000173.jpg,milky_stork
milky_stork/00000020.jpg,milky_stork
milky_stork/00000097.jpg,milky_stork
milky_stork/00000121.jpg,milky_stork
milky_stork/00000138.jpg,milky_stork
milky_stork/00000117.jpg,milky_stork
milky_stork/00000024.jpg,milky_stork
milky_stork/00000127.jpg,milky_stork
milky_stork/00000080.jpg,milky_stork
milky_stork/00000076.jpg,milky_stork
milky_stork/00000168.jpg,milky_stork
milky_stork/00000129.jpg,milky_stork
milky_stork/00000177.jpg,milky_stork
milky_stork/00000051.jpg,milky_stork
milky_stork/00000149.jpg,milky_stork
milky_stork/00000016.jpg,milky_stork
milky_stork/00000027.jpg,milky_stork
milky_stork/00000046.jpg,milky_stork
milky_stork/00000148.jpg,milky_stork
milky_stork/00000142.jpg,milky_stork
milky_stork/00000122.jpg,milky_stork
milky_stork/00000029.jpg,milky_stork
milky_stork/00000064.jpg,milky_stork
milky_stork/00000137.jpg,milky_stork
milky_stork/00000069.jpg,milky_stork
milky_stork/00000100.jpg,milky_stork
milky_stork/00000086.jpg,milky_stork
milky_stork/00000118.jpg,milky_stork
milky_stork/00000183.jpg,milky_stork
milky_stork/00000191.jpg,milky_stork
milky_stork/00000082.jpg,milky_stork
milky_stork/00000003.jpg,milky_stork
milky_stork/00000040.jpg,milky_stork
milky_stork/00000101.jpg,milky_stork
milky_stork/00000111.jpg,milky_stork
milky_stork/00000181.jpg,milky_stork
milky_stork/00000075.jpg,milky_stork
milky_stork/00000028.jpg,milky_stork
milky_stork/00000159.jpg,milky_stork
milky_stork/00000070.jpg,milky_stork
milky_stork/00000073.jpg,milky_stork
milky_stork/00000011.jpg,milky_stork
milky_stork/00000008.jpg,milky_stork
milky_stork/00000026.jpg,milky_stork
milky_stork/00000158.jpg,milky_stork
milky_stork/00000071.jpg,milky_stork
milky_stork/00000054.jpg,milky_stork
milky_stork/00000107.jpg,milky_stork
milky_stork/00000006.jpg,milky_stork
milky_stork/00000084.jpg,milky_stork
milky_stork/00000060.jpg,milky_stork
milky_stork/00000035.jpg,milky_stork
milky_stork/00000163.jpg,milky_stork
milky_stork/00000019.jpg,milky_stork
milky_stork/00000056.jpg,milky_stork
milky_stork/00000004.jpg,milky_stork
milky_stork/00000165.jpg,milky_stork
milky_stork/00000150.jpg,milky_stork
milky_stork/00000050.jpg,milky_stork
milky_stork/00000112.jpg,milky_stork
milky_stork/00000099.jpg,milky_stork
milky_stork/00000014.jpg,milky_stork
milky_stork/00000174.jpg,milky_stork
milky_stork/00000182.jpg,milky_stork
milky_stork/00000198.jpg,milky_stork
milky_stork/00000089.jpg,milky_stork
milky_stork/00000074.jpg,milky_stork
milky_stork/00000052.jpg,milky_stork
milky_stork/00000068.jpg,milky_stork
milky_stork/00000125.jpg,milky_stork
milky_stork/00000000.jpg,milky_stork
milky_stork/00000044.jpg,milky_stork
milky_stork/00000197.jpg,milky_stork
milky_stork/00000043.jpg,milky_stork
milky_stork/00000156.jpg,milky_stork
milky_stork/00000146.jpg,milky_stork
milky_stork/00000199.jpg,milky_stork
milky_stork/00000022.jpg,milky_stork
milky_stork/00000096.jpg,milky_stork
milky_stork/00000166.jpg,milky_stork
milky_stork/00000087.jpg,milky_stork
milky_stork/00000010.jpg,milky_stork
milky_stork/00000119.jpg,milky_stork
milky_stork/00000090.jpg,milky_stork
milky_stork/00000164.jpg,milky_stork
milky_stork/00000190.jpg,milky_stork
milky_stork/00000031.jpg,milky_stork
milky_stork/00000062.jpg,milky_stork
milky_stork/00000067.jpg,milky_stork
milky_stork/00000145.jpg,milky_stork
milky_stork/00000179.jpg,milky_stork
milky_stork/00000072.jpg,milky_stork
milky_stork/00000147.jpg,milky_stork
milky_stork/00000152.jpg,milky_stork
milky_stork/00000196.jpg,milky_stork
milky_stork/00000065.jpg,milky_stork
milky_stork/00000017.jpg,milky_stork
milky_stork/00000136.jpg,milky_stork
milky_stork/00000160.jpg,milky_stork
milky_stork/00000025.jpg,milky_stork
milky_stork/00000189.jpg,milky_stork
milky_stork/00000015.jpg,milky_stork
milky_stork/00000172.jpg,milky_stork
milky_stork/00000143.jpg,milky_stork
milky_stork/00000184.jpg,milky_stork
milky_stork/00000120.jpg,milky_stork
milky_stork/00000124.jpg,milky_stork
milky_stork/00000192.jpg,milky_stork
milky_stork/00000030.jpg,milky_stork
milky_stork/00000187.jpg,milky_stork
milky_stork/00000013.jpg,milky_stork
milky_stork/00000175.jpg,milky_stork
milky_stork/00000186.jpg,milky_stork
milky_stork/00000141.jpg,milky_stork
milky_stork/00000155.jpg,milky_stork
milky_stork/00000132.jpg,milky_stork
milky_stork/00000178.jpg,milky_stork
milky_stork/00000153.jpg,milky_stork
milky_stork/00000053.jpg,milky_stork
milky_stork/00000151.jpg,milky_stork
milky_stork/00000057.jpg,milky_stork
milky_stork/00000098.jpg,milky_stork
milky_stork/00000102.jpg,milky_stork
milky_stork/00000023.jpg,milky_stork
milky_stork/00000110.jpg,milky_stork
milky_stork/00000134.jpg,milky_stork
lesser_adj/00000002.jpg,lesser_adj
lesser_adj/00000131.jpg,lesser_adj
lesser_adj/00000105.jpg,lesser_adj
lesser_adj/00000114.jpg,lesser_adj
lesser_adj/00000162.jpg,lesser_adj
lesser_adj/00000032.jpg,lesser_adj
lesser_adj/00000193.jpg,lesser_adj
lesser_adj/00000167.jpg,lesser_adj
lesser_adj/00000012.jpg,lesser_adj
lesser_adj/00000018.jpg,lesser_adj
lesser_adj/00000109.jpg,lesser_adj
lesser_adj/00000095.jpg,lesser_adj
lesser_adj/00000034.jpg,lesser_adj
lesser_adj/00000133.jpg,lesser_adj
lesser_adj/00000116.jpg,lesser_adj
lesser_adj/00000021.jpg,lesser_adj
lesser_adj/00000037.jpg,lesser_adj
lesser_adj/00000185.jpg,lesser_adj
lesser_adj/00000140.jpg,lesser_adj
lesser_adj/00000079.jpg,lesser_adj
lesser_adj/00000194.jpg,lesser_adj
lesser_adj/00000195.jpg,lesser_adj
lesser_adj/00000077.jpg,lesser_adj
lesser_adj/00000103.jpg,lesser_adj
lesser_adj/00000081.jpg,lesser_adj
lesser_adj/00000157.jpg,lesser_adj
lesser_adj/00000104.jpg,lesser_adj
lesser_adj/00000009.jpg,lesser_adj
lesser_adj/00000078.jpg,lesser_adj
lesser_adj/00000139.jpg,lesser_adj
lesser_adj/00000005.jpg,lesser_adj
lesser_adj/00000083.jpg,lesser_adj
lesser_adj/00000045.jpg,lesser_adj
lesser_adj/00000058.jpg,lesser_adj
lesser_adj/00000176.jpg,lesser_adj
lesser_adj/00000048.jpg,lesser_adj
lesser_adj/00000036.jpg,lesser_adj
lesser_adj/00000085.jpg,lesser_adj
lesser_adj/00000007.jpg,lesser_adj
lesser_adj/00000039.jpg,lesser_adj
lesser_adj/00000049.jpg,lesser_adj
lesser_adj/00000108.jpg,lesser_adj
lesser_adj/00000092.jpg,lesser_adj
lesser_adj/00000144.jpg,lesser_adj
lesser_adj/00000001.jpg,lesser_adj
lesser_adj/00000061.jpg,lesser_adj
lesser_adj/00000093.jpg,lesser_adj
lesser_adj/00000123.jpg,lesser_adj
lesser_adj/00000154.jpg,lesser_adj
lesser_adj/00000047.jpg,lesser_adj
lesser_adj/00000041.jpg,lesser_adj
lesser_adj/00000038.jpg,lesser_adj
lesser_adj/00000033.jpg,lesser_adj
lesser_adj/00000059.jpg,lesser_adj
lesser_adj/00000169.jpg,lesser_adj
lesser_adj/00000113.jpg,lesser_adj
lesser_adj/00000088.jpg,lesser_adj
lesser_adj/00000173.jpg,lesser_adj
lesser_adj/00000020.jpg,lesser_adj
lesser_adj/00000097.jpg,lesser_adj
lesser_adj/00000121.jpg,lesser_adj
lesser_adj/00000138.jpg,lesser_adj
lesser_adj/00000117.jpg,lesser_adj
lesser_adj/00000024.jpg,lesser_adj
lesser_adj/00000135.jpg,lesser_adj
lesser_adj/00000127.jpg,lesser_adj
lesser_adj/00000080.jpg,lesser_adj
lesser_adj/00000076.jpg,lesser_adj
lesser_adj/00000168.jpg,lesser_adj
lesser_adj/00000042.jpg,lesser_adj
lesser_adj/00000129.jpg,lesser_adj
lesser_adj/00000051.jpg,lesser_adj
lesser_adj/00000149.jpg,lesser_adj
lesser_adj/00000016.jpg,lesser_adj
lesser_adj/00000027.jpg,lesser_adj
lesser_adj/00000046.jpg,lesser_adj
lesser_adj/00000148.jpg,lesser_adj
lesser_adj/00000142.jpg,lesser_adj
lesser_adj/00000122.jpg,lesser_adj
lesser_adj/00000029.jpg,lesser_adj
lesser_adj/00000064.jpg,lesser_adj
lesser_adj/00000137.jpg,lesser_adj
lesser_adj/00000069.jpg,lesser_adj
lesser_adj/00000100.jpg,lesser_adj
lesser_adj/00000086.jpg,lesser_adj
lesser_adj/00000118.jpg,lesser_adj
lesser_adj/00000183.jpg,lesser_adj
lesser_adj/00000191.jpg,lesser_adj
lesser_adj/00000082.jpg,lesser_adj
lesser_adj/00000003.jpg,lesser_adj
lesser_adj/00000040.jpg,lesser_adj
lesser_adj/00000066.jpg,lesser_adj
lesser_adj/00000101.jpg,lesser_adj
lesser_adj/00000111.jpg,lesser_adj
lesser_adj/00000181.jpg,lesser_adj
lesser_adj/00000028.jpg,lesser_adj
lesser_adj/00000159.jpg,lesser_adj
lesser_adj/00000070.jpg,lesser_adj
lesser_adj/00000073.jpg,lesser_adj
lesser_adj/00000011.jpg,lesser_adj
lesser_adj/00000008.jpg,lesser_adj
lesser_adj/00000158.jpg,lesser_adj
lesser_adj/00000071.jpg,lesser_adj
lesser_adj/00000054.jpg,lesser_adj
lesser_adj/00000107.jpg,lesser_adj
lesser_adj/00000006.jpg,lesser_adj
lesser_adj/00000060.jpg,lesser_adj
lesser_adj/00000163.jpg,lesser_adj
lesser_adj/00000019.jpg,lesser_adj
lesser_adj/00000056.jpg,lesser_adj
lesser_adj/00000004.jpg,lesser_adj
lesser_adj/00000165.jpg,lesser_adj
lesser_adj/00000128.jpg,lesser_adj
lesser_adj/00000150.jpg,lesser_adj
lesser_adj/00000050.jpg,lesser_adj
lesser_adj/00000112.jpg,lesser_adj
lesser_adj/00000094.jpg,lesser_adj
lesser_adj/00000099.jpg,lesser_adj
lesser_adj/00000014.jpg,lesser_adj
lesser_adj/00000174.jpg,lesser_adj
lesser_adj/00000182.jpg,lesser_adj
lesser_adj/00000198.jpg,lesser_adj
lesser_adj/00000074.jpg,lesser_adj
lesser_adj/00000052.jpg,lesser_adj
lesser_adj/00000068.jpg,lesser_adj
lesser_adj/00000125.jpg,lesser_adj
lesser_adj/00000000.jpg,lesser_adj
lesser_adj/00000044.jpg,lesser_adj
lesser_adj/00000197.jpg,lesser_adj
lesser_adj/00000161.jpg,lesser_adj
lesser_adj/00000156.jpg,lesser_adj
lesser_adj/00000146.jpg,lesser_adj
lesser_adj/00000022.jpg,lesser_adj
lesser_adj/00000096.jpg,lesser_adj
lesser_adj/00000166.jpg,lesser_adj
lesser_adj/00000087.jpg,lesser_adj
lesser_adj/00000010.jpg,lesser_adj
lesser_adj/00000119.jpg,lesser_adj
lesser_adj/00000090.jpg,lesser_adj
lesser_adj/00000164.jpg,lesser_adj
lesser_adj/00000190.jpg,lesser_adj
lesser_adj/00000031.jpg,lesser_adj
lesser_adj/00000062.jpg,lesser_adj
lesser_adj/00000067.jpg,lesser_adj
lesser_adj/00000072.jpg,lesser_adj
lesser_adj/00000147.jpg,lesser_adj
lesser_adj/00000152.jpg,lesser_adj
lesser_adj/00000196.jpg,lesser_adj
lesser_adj/00000065.jpg,lesser_adj
lesser_adj/00000017.jpg,lesser_adj
lesser_adj/00000136.jpg,lesser_adj
lesser_adj/00000180.jpg,lesser_adj
lesser_adj/00000160.jpg,lesser_adj
lesser_adj/00000025.jpg,lesser_adj
lesser_adj/00000189.jpg,lesser_adj
lesser_adj/00000091.jpg,lesser_adj
lesser_adj/00000143.jpg,lesser_adj
lesser_adj/00000184.jpg,lesser_adj
lesser_adj/00000120.jpg,lesser_adj
lesser_adj/00000124.jpg,lesser_adj
lesser_adj/00000192.jpg,lesser_adj
lesser_adj/00000030.jpg,lesser_adj
lesser_adj/00000187.jpg,lesser_adj
lesser_adj/00000013.jpg,lesser_adj
lesser_adj/00000186.jpg,lesser_adj
lesser_adj/00000141.jpg,lesser_adj
lesser_adj/00000155.jpg,lesser_adj
lesser_adj/00000178.jpg,lesser_adj
lesser_adj/00000106.jpg,lesser_adj
lesser_adj/00000153.jpg,lesser_adj
lesser_adj/00000053.jpg,lesser_adj
lesser_adj/00000151.jpg,lesser_adj
lesser_adj/00000057.jpg,lesser_adj
lesser_adj/00000102.jpg,lesser_adj
lesser_adj/00000023.jpg,lesser_adj
lesser_adj/00000110.jpg,lesser_adj
lesser_adj/00000134.jpg,lesser_adj
oriental_darter/00000002.jpg,oriental_darter
oriental_darter/00000131.jpg,oriental_darter
oriental_darter/00000105.jpg,oriental_darter
oriental_darter/00000063.jpg,oriental_darter
oriental_darter/00000114.jpg,oriental_darter
oriental_darter/00000162.jpg,oriental_darter
oriental_darter/00000032.jpg,oriental_darter
oriental_darter/00000193.jpg,oriental_darter
oriental_darter/00000167.jpg,oriental_darter
oriental_darter/00000012.jpg,oriental_darter
oriental_darter/00000018.jpg,oriental_darter
oriental_darter/00000109.jpg,oriental_darter
oriental_darter/00000095.jpg,oriental_darter
oriental_darter/00000034.jpg,oriental_darter
oriental_darter/00000133.jpg,oriental_darter
oriental_darter/00000021.jpg,oriental_darter
oriental_darter/00000037.jpg,oriental_darter
oriental_darter/00000185.jpg,oriental_darter
oriental_darter/00000140.jpg,oriental_darter
oriental_darter/00000170.jpg,oriental_darter
oriental_darter/00000079.jpg,oriental_darter
oriental_darter/00000194.jpg,oriental_darter
oriental_darter/00000130.jpg,oriental_darter
oriental_darter/00000195.jpg,oriental_darter
oriental_darter/00000077.jpg,oriental_darter
oriental_darter/00000103.jpg,oriental_darter
oriental_darter/00000081.jpg,oriental_darter
oriental_darter/00000157.jpg,oriental_darter
oriental_darter/00000104.jpg,oriental_darter
oriental_darter/00000009.jpg,oriental_darter
oriental_darter/00000078.jpg,oriental_darter
oriental_darter/00000126.jpg,oriental_darter
oriental_darter/00000139.jpg,oriental_darter
oriental_darter/00000005.jpg,oriental_darter
oriental_darter/00000083.jpg,oriental_darter
oriental_darter/00000045.jpg,oriental_darter
oriental_darter/00000058.jpg,oriental_darter
oriental_darter/00000171.jpg,oriental_darter
oriental_darter/00000176.jpg,oriental_darter
oriental_darter/00000048.jpg,oriental_darter
oriental_darter/00000036.jpg,oriental_darter
oriental_darter/00000085.jpg,oriental_darter
oriental_darter/00000007.jpg,oriental_darter
oriental_darter/00000039.jpg,oriental_darter
oriental_darter/00000049.jpg,oriental_darter
oriental_darter/00000108.jpg,oriental_darter
oriental_darter/00000055.jpg,oriental_darter
oriental_darter/00000092.jpg,oriental_darter
oriental_darter/00000144.jpg,oriental_darter
oriental_darter/00000001.jpg,oriental_darter
oriental_darter/00000061.jpg,oriental_darter
oriental_darter/00000093.jpg,oriental_darter
oriental_darter/00000123.jpg,oriental_darter
oriental_darter/00000154.jpg,oriental_darter
oriental_darter/00000188.jpg,oriental_darter
oriental_darter/00000047.jpg,oriental_darter
oriental_darter/00000041.jpg,oriental_darter
oriental_darter/00000038.jpg,oriental_darter
oriental_darter/00000033.jpg,oriental_darter
oriental_darter/00000059.jpg,oriental_darter
oriental_darter/00000169.jpg,oriental_darter
oriental_darter/00000113.jpg,oriental_darter
oriental_darter/00000088.jpg,oriental_darter
oriental_darter/00000173.jpg,oriental_darter
oriental_darter/00000020.jpg,oriental_darter
oriental_darter/00000097.jpg,oriental_darter
oriental_darter/00000121.jpg,oriental_darter
oriental_darter/00000138.jpg,oriental_darter
oriental_darter/00000117.jpg,oriental_darter
oriental_darter/00000024.jpg,oriental_darter
oriental_darter/00000135.jpg,oriental_darter
oriental_darter/00000127.jpg,oriental_darter
oriental_darter/00000076.jpg,oriental_darter
oriental_darter/00000168.jpg,oriental_darter
oriental_darter/00000042.jpg,oriental_darter
oriental_darter/00000129.jpg,oriental_darter
oriental_darter/00000177.jpg,oriental_darter
oriental_darter/00000051.jpg,oriental_darter
oriental_darter/00000149.jpg,oriental_darter
oriental_darter/00000016.jpg,oriental_darter
oriental_darter/00000027.jpg,oriental_darter
oriental_darter/00000046.jpg,oriental_darter
oriental_darter/00000148.jpg,oriental_darter
oriental_darter/00000142.jpg,oriental_darter
oriental_darter/00000122.jpg,oriental_darter
oriental_darter/00000029.jpg,oriental_darter
oriental_darter/00000064.jpg,oriental_darter
oriental_darter/00000137.jpg,oriental_darter
oriental_darter/00000069.jpg,oriental_darter
oriental_darter/00000100.jpg,oriental_darter
oriental_darter/00000086.jpg,oriental_darter
oriental_darter/00000183.jpg,oriental_darter
oriental_darter/00000191.jpg,oriental_darter
oriental_darter/00000082.jpg,oriental_darter
oriental_darter/00000003.jpg,oriental_darter
oriental_darter/00000040.jpg,oriental_darter
oriental_darter/00000066.jpg,oriental_darter
oriental_darter/00000101.jpg,oriental_darter
oriental_darter/00000111.jpg,oriental_darter
oriental_darter/00000181.jpg,oriental_darter
oriental_darter/00000075.jpg,oriental_darter
oriental_darter/00000028.jpg,oriental_darter
oriental_darter/00000159.jpg,oriental_darter
oriental_darter/00000070.jpg,oriental_darter
oriental_darter/00000073.jpg,oriental_darter
oriental_darter/00000011.jpg,oriental_darter
oriental_darter/00000008.jpg,oriental_darter
oriental_darter/00000026.jpg,oriental_darter
oriental_darter/00000158.jpg,oriental_darter
oriental_darter/00000071.jpg,oriental_darter
oriental_darter/00000054.jpg,oriental_darter
oriental_darter/00000107.jpg,oriental_darter
oriental_darter/00000006.jpg,oriental_darter
oriental_darter/00000084.jpg,oriental_darter
oriental_darter/00000060.jpg,oriental_darter
oriental_darter/00000035.jpg,oriental_darter
oriental_darter/00000163.jpg,oriental_darter
oriental_darter/00000019.jpg,oriental_darter
oriental_darter/00000056.jpg,oriental_darter
oriental_darter/00000004.jpg,oriental_darter
oriental_darter/00000165.jpg,oriental_darter
oriental_darter/00000128.jpg,oriental_darter
oriental_darter/00000150.jpg,oriental_darter
oriental_darter/00000050.jpg,oriental_darter
oriental_darter/00000112.jpg,oriental_darter
oriental_darter/00000094.jpg,oriental_darter
oriental_darter/00000099.jpg,oriental_darter
oriental_darter/00000014.jpg,oriental_darter
oriental_darter/00000174.jpg,oriental_darter
oriental_darter/00000182.jpg,oriental_darter
oriental_darter/00000198.jpg,oriental_darter
oriental_darter/00000089.jpg,oriental_darter
oriental_darter/00000074.jpg,oriental_darter
oriental_darter/00000115.jpg,oriental_darter
oriental_darter/00000052.jpg,oriental_darter
oriental_darter/00000068.jpg,oriental_darter
oriental_darter/00000125.jpg,oriental_darter
oriental_darter/00000000.jpg,oriental_darter
oriental_darter/00000044.jpg,oriental_darter
oriental_darter/00000197.jpg,oriental_darter
oriental_darter/00000161.jpg,oriental_darter
oriental_darter/00000043.jpg,oriental_darter
oriental_darter/00000156.jpg,oriental_darter
oriental_darter/00000146.jpg,oriental_darter
oriental_darter/00000199.jpg,oriental_darter
oriental_darter/00000022.jpg,oriental_darter
oriental_darter/00000096.jpg,oriental_darter
oriental_darter/00000166.jpg,oriental_darter
oriental_darter/00000087.jpg,oriental_darter
oriental_darter/00000010.jpg,oriental_darter
oriental_darter/00000119.jpg,oriental_darter
oriental_darter/00000090.jpg,oriental_darter
oriental_darter/00000164.jpg,oriental_darter
oriental_darter/00000190.jpg,oriental_darter
oriental_darter/00000031.jpg,oriental_darter
oriental_darter/00000062.jpg,oriental_darter
oriental_darter/00000067.jpg,oriental_darter
oriental_darter/00000145.jpg,oriental_darter
oriental_darter/00000179.jpg,oriental_darter
oriental_darter/00000072.jpg,oriental_darter
oriental_darter/00000147.jpg,oriental_darter
oriental_darter/00000152.jpg,oriental_darter
oriental_darter/00000196.jpg,oriental_darter
oriental_darter/00000065.jpg,oriental_darter
oriental_darter/00000017.jpg,oriental_darter
oriental_darter/00000136.jpg,oriental_darter
oriental_darter/00000180.jpg,oriental_darter
oriental_darter/00000160.jpg,oriental_darter
oriental_darter/00000025.jpg,oriental_darter
oriental_darter/00000189.jpg,oriental_darter
oriental_darter/00000015.jpg,oriental_darter
oriental_darter/00000172.jpg,oriental_darter
oriental_darter/00000091.jpg,oriental_darter
oriental_darter/00000143.jpg,oriental_darter
oriental_darter/00000184.jpg,oriental_darter
oriental_darter/00000120.jpg,oriental_darter
oriental_darter/00000124.jpg,oriental_darter
oriental_darter/00000192.jpg,oriental_darter
oriental_darter/00000030.jpg,oriental_darter
oriental_darter/00000187.jpg,oriental_darter
oriental_darter/00000013.jpg,oriental_darter
oriental_darter/00000175.jpg,oriental_darter
oriental_darter/00000186.jpg,oriental_darter
oriental_darter/00000141.jpg,oriental_darter
oriental_darter/00000155.jpg,oriental_darter
oriental_darter/00000132.jpg,oriental_darter
oriental_darter/00000178.jpg,oriental_darter
oriental_darter/00000106.jpg,oriental_darter
oriental_darter/00000153.jpg,oriental_darter
oriental_darter/00000053.jpg,oriental_darter
oriental_darter/00000151.jpg,oriental_darter
oriental_darter/00000057.jpg,oriental_darter
oriental_darter/00000098.jpg,oriental_darter
oriental_darter/00000102.jpg,oriental_darter
oriental_darter/00000110.jpg,oriental_darter
oriental_darter/00000134.jpg,oriental_darter
black_ibis/00000002.jpg,black_ibis
black_ibis/00000131.jpg,black_ibis
black_ibis/00000105.jpg,black_ibis
black_ibis/00000063.jpg,black_ibis
black_ibis/00000114.jpg,black_ibis
black_ibis/00000162.jpg,black_ibis
black_ibis/00000032.jpg,black_ibis
black_ibis/00000193.jpg,black_ibis
black_ibis/00000167.jpg,black_ibis
black_ibis/00000012.jpg,black_ibis
black_ibis/00000018.jpg,black_ibis
black_ibis/00000109.jpg,black_ibis
black_ibis/00000095.jpg,black_ibis
black_ibis/00000034.jpg,black_ibis
black_ibis/00000133.jpg,black_ibis
black_ibis/00000116.jpg,black_ibis
black_ibis/00000021.jpg,black_ibis
black_ibis/00000037.jpg,black_ibis
black_ibis/00000185.jpg,black_ibis
black_ibis/00000140.jpg,black_ibis
black_ibis/00000170.jpg,black_ibis
black_ibis/00000079.jpg,black_ibis
black_ibis/00000130.jpg,black_ibis
black_ibis/00000077.jpg,black_ibis
black_ibis/00000103.jpg,black_ibis
black_ibis/00000081.jpg,black_ibis
black_ibis/00000157.jpg,black_ibis
black_ibis/00000104.jpg,black_ibis
black_ibis/00000009.jpg,black_ibis
black_ibis/00000078.jpg,black_ibis
black_ibis/00000126.jpg,black_ibis
black_ibis/00000139.jpg,black_ibis
black_ibis/00000005.jpg,black_ibis
black_ibis/00000083.jpg,black_ibis
black_ibis/00000045.jpg,black_ibis
black_ibis/00000058.jpg,black_ibis
black_ibis/00000171.jpg,black_ibis
black_ibis/00000176.jpg,black_ibis
black_ibis/00000048.jpg,black_ibis
black_ibis/00000036.jpg,black_ibis
black_ibis/00000085.jpg,black_ibis
black_ibis/00000007.jpg,black_ibis
black_ibis/00000039.jpg,black_ibis
black_ibis/00000049.jpg,black_ibis
black_ibis/00000108.jpg,black_ibis
black_ibis/00000055.jpg,black_ibis
black_ibis/00000092.jpg,black_ibis
black_ibis/00000144.jpg,black_ibis
black_ibis/00000001.jpg,black_ibis
black_ibis/00000061.jpg,black_ibis
black_ibis/00000093.jpg,black_ibis
black_ibis/00000123.jpg,black_ibis
black_ibis/00000154.jpg,black_ibis
black_ibis/00000047.jpg,black_ibis
black_ibis/00000041.jpg,black_ibis
black_ibis/00000038.jpg,black_ibis
black_ibis/00000033.jpg,black_ibis
black_ibis/00000059.jpg,black_ibis
black_ibis/00000169.jpg,black_ibis
black_ibis/00000113.jpg,black_ibis
black_ibis/00000088.jpg,black_ibis
black_ibis/00000173.jpg,black_ibis
black_ibis/00000020.jpg,black_ibis
black_ibis/00000097.jpg,black_ibis
black_ibis/00000121.jpg,black_ibis
black_ibis/00000138.jpg,black_ibis
black_ibis/00000024.jpg,black_ibis
black_ibis/00000135.jpg,black_ibis
black_ibis/00000127.jpg,black_ibis
black_ibis/00000080.jpg,black_ibis
black_ibis/00000076.jpg,black_ibis
black_ibis/00000042.jpg,black_ibis
black_ibis/00000129.jpg,black_ibis
black_ibis/00000177.jpg,black_ibis
black_ibis/00000051.jpg,black_ibis
black_ibis/00000149.jpg,black_ibis
black_ibis/00000027.jpg,black_ibis
black_ibis/00000046.jpg,black_ibis
black_ibis/00000148.jpg,black_ibis
black_ibis/00000142.jpg,black_ibis
black_ibis/00000122.jpg,black_ibis
black_ibis/00000029.jpg,black_ibis
black_ibis/00000064.jpg,black_ibis
black_ibis/00000137.jpg,black_ibis
black_ibis/00000100.jpg,black_ibis
black_ibis/00000086.jpg,black_ibis
black_ibis/00000118.jpg,black_ibis
black_ibis/00000183.jpg,black_ibis
black_ibis/00000191.jpg,black_ibis
black_ibis/00000003.jpg,black_ibis
black_ibis/00000040.jpg,black_ibis
black_ibis/00000066.jpg,black_ibis
black_ibis/00000101.jpg,black_ibis
black_ibis/00000111.jpg,black_ibis
black_ibis/00000181.jpg,black_ibis
black_ibis/00000075.jpg,black_ibis
black_ibis/00000028.jpg,black_ibis
black_ibis/00000159.jpg,black_ibis
black_ibis/00000070.jpg,black_ibis
black_ibis/00000073.jpg,black_ibis
black_ibis/00000011.jpg,black_ibis
black_ibis/00000008.jpg,black_ibis
black_ibis/00000026.jpg,black_ibis
black_ibis/00000158.jpg,black_ibis
black_ibis/00000054.jpg,black_ibis
black_ibis/00000107.jpg,black_ibis
black_ibis/00000006.jpg,black_ibis
black_ibis/00000084.jpg,black_ibis
black_ibis/00000060.jpg,black_ibis
black_ibis/00000035.jpg,black_ibis
black_ibis/00000163.jpg,black_ibis
black_ibis/00000019.jpg,black_ibis
black_ibis/00000056.jpg,black_ibis
black_ibis/00000004.jpg,black_ibis
black_ibis/00000165.jpg,black_ibis
black_ibis/00000128.jpg,black_ibis
black_ibis/00000150.jpg,black_ibis
black_ibis/00000050.jpg,black_ibis
black_ibis/00000112.jpg,black_ibis
black_ibis/00000094.jpg,black_ibis
black_ibis/00000099.jpg,black_ibis
black_ibis/00000014.jpg,black_ibis
black_ibis/00000174.jpg,black_ibis
black_ibis/00000182.jpg,black_ibis
black_ibis/00000198.jpg,black_ibis
black_ibis/00000089.jpg,black_ibis
black_ibis/00000074.jpg,black_ibis
black_ibis/00000115.jpg,black_ibis
black_ibis/00000052.jpg,black_ibis
black_ibis/00000068.jpg,black_ibis
black_ibis/00000125.jpg,black_ibis
black_ibis/00000000.jpg,black_ibis
black_ibis/00000044.jpg,black_ibis
black_ibis/00000197.jpg,black_ibis
black_ibis/00000161.jpg,black_ibis
black_ibis/00000043.jpg,black_ibis
black_ibis/00000156.jpg,black_ibis
black_ibis/00000146.jpg,black_ibis
black_ibis/00000022.jpg,black_ibis
black_ibis/00000096.jpg,black_ibis
black_ibis/00000166.jpg,black_ibis
black_ibis/00000087.jpg,black_ibis
black_ibis/00000010.jpg,black_ibis
black_ibis/00000119.jpg,black_ibis
black_ibis/00000090.jpg,black_ibis
black_ibis/00000164.jpg,black_ibis
black_ibis/00000190.jpg,black_ibis
black_ibis/00000031.jpg,black_ibis
black_ibis/00000062.jpg,black_ibis
black_ibis/00000067.jpg,black_ibis
black_ibis/00000145.jpg,black_ibis
black_ibis/00000179.jpg,black_ibis
black_ibis/00000072.jpg,black_ibis
black_ibis/00000147.jpg,black_ibis
black_ibis/00000152.jpg,black_ibis
black_ibis/00000196.jpg,black_ibis
black_ibis/00000065.jpg,black_ibis
black_ibis/00000017.jpg,black_ibis
black_ibis/00000136.jpg,black_ibis
black_ibis/00000180.jpg,black_ibis
black_ibis/00000160.jpg,black_ibis
black_ibis/00000025.jpg,black_ibis
black_ibis/00000189.jpg,black_ibis
black_ibis/00000015.jpg,black_ibis
black_ibis/00000172.jpg,black_ibis
black_ibis/00000091.jpg,black_ibis
black_ibis/00000143.jpg,black_ibis
black_ibis/00000184.jpg,black_ibis
black_ibis/00000120.jpg,black_ibis
black_ibis/00000124.jpg,black_ibis
black_ibis/00000192.jpg,black_ibis
black_ibis/00000030.jpg,black_ibis
black_ibis/00000187.jpg,black_ibis
black_ibis/00000013.jpg,black_ibis
black_ibis/00000175.jpg,black_ibis
black_ibis/00000186.jpg,black_ibis
black_ibis/00000155.jpg,black_ibis
black_ibis/00000132.jpg,black_ibis
black_ibis/00000178.jpg,black_ibis
black_ibis/00000153.jpg,black_ibis
black_ibis/00000053.jpg,black_ibis
black_ibis/00000151.jpg,black_ibis
black_ibis/00000057.jpg,black_ibis
black_ibis/00000098.jpg,black_ibis
black_ibis/00000023.jpg,black_ibis
black_ibis/00000110.jpg,black_ibis
black_ibis/00000134.jpg,black_ibis
asian_openbill/00000002.jpg,asian_openbill
asian_openbill/00000131.jpg,asian_openbill
asian_openbill/00000105.jpg,asian_openbill
asian_openbill/00000063.jpg,asian_openbill
asian_openbill/00000114.jpg,asian_openbill
asian_openbill/00000162.jpg,asian_openbill
asian_openbill/00000032.jpg,asian_openbill
asian_openbill/00000193.jpg,asian_openbill
asian_openbill/00000167.jpg,asian_openbill
asian_openbill/00000012.jpg,asian_openbill
asian_openbill/00000018.jpg,asian_openbill
asian_openbill/00000109.jpg,asian_openbill
asian_openbill/00000095.jpg,asian_openbill
asian_openbill/00000034.jpg,asian_openbill
asian_openbill/00000133.jpg,asian_openbill
asian_openbill/00000116.jpg,asian_openbill
asian_openbill/00000021.jpg,asian_openbill
asian_openbill/00000037.jpg,asian_openbill
asian_openbill/00000185.jpg,asian_openbill
asian_openbill/00000140.jpg,asian_openbill
asian_openbill/00000170.jpg,asian_openbill
asian_openbill/00000130.jpg,asian_openbill
asian_openbill/00000077.jpg,asian_openbill
asian_openbill/00000103.jpg,asian_openbill
asian_openbill/00000081.jpg,asian_openbill
asian_openbill/00000157.jpg,asian_openbill
asian_openbill/00000104.jpg,asian_openbill
asian_openbill/00000009.jpg,asian_openbill
asian_openbill/00000078.jpg,asian_openbill
asian_openbill/00000139.jpg,asian_openbill
asian_openbill/00000083.jpg,asian_openbill
asian_openbill/00000045.jpg,asian_openbill
asian_openbill/00000058.jpg,asian_openbill
asian_openbill/00000171.jpg,asian_openbill
asian_openbill/00000048.jpg,asian_openbill
asian_openbill/00000036.jpg,asian_openbill
asian_openbill/00000085.jpg,asian_openbill
asian_openbill/00000007.jpg,asian_openbill
asian_openbill/00000039.jpg,asian_openbill
asian_openbill/00000049.jpg,asian_openbill
asian_openbill/00000108.jpg,black_ibis
asian_openbill/00000055.jpg,asian_openbill
asian_openbill/00000092.jpg,asian_openbill
asian_openbill/00000144.jpg,asian_openbill
asian_openbill/00000001.jpg,asian_openbill
asian_openbill/00000061.jpg,asian_openbill
asian_openbill/00000093.jpg,asian_openbill
asian_openbill/00000154.jpg,asian_openbill
asian_openbill/00000188.jpg,asian_openbill
asian_openbill/00000047.jpg,asian_openbill
asian_openbill/00000041.jpg,asian_openbill
asian_openbill/00000038.jpg,asian_openbill
asian_openbill/00000033.jpg,asian_openbill
asian_openbill/00000169.jpg,asian_openbill
asian_openbill/00000113.jpg,asian_openbill
asian_openbill/00000088.jpg,asian_openbill
asian_openbill/00000173.jpg,asian_openbill
asian_openbill/00000020.jpg,asian_openbill
asian_openbill/00000097.jpg,asian_openbill
asian_openbill/00000121.jpg,asian_openbill
asian_openbill/00000138.jpg,asian_openbill
asian_openbill/00000117.jpg,asian_openbill
asian_openbill/00000024.jpg,asian_openbill
asian_openbill/00000135.jpg,asian_openbill
asian_openbill/00000080.jpg,asian_openbill
asian_openbill/00000076.jpg,asian_openbill
asian_openbill/00000168.jpg,asian_openbill
asian_openbill/00000042.jpg,asian_openbill
asian_openbill/00000129.jpg,asian_openbill
asian_openbill/00000177.jpg,asian_openbill
asian_openbill/00000051.jpg,asian_openbill
asian_openbill/00000149.jpg,asian_openbill
asian_openbill/00000016.jpg,asian_openbill
asian_openbill/00000027.jpg,asian_openbill
asian_openbill/00000046.jpg,asian_openbill
asian_openbill/00000148.jpg,asian_openbill
asian_openbill/00000142.jpg,asian_openbill
asian_openbill/00000122.jpg,asian_openbill
asian_openbill/00000029.jpg,asian_openbill
asian_openbill/00000064.jpg,asian_openbill
asian_openbill/00000137.jpg,asian_openbill
asian_openbill/00000069.jpg,asian_openbill
asian_openbill/00000100.jpg,asian_openbill
asian_openbill/00000086.jpg,asian_openbill
asian_openbill/00000118.jpg,asian_openbill
asian_openbill/00000183.jpg,asian_openbill
asian_openbill/00000191.jpg,asian_openbill
asian_openbill/00000082.jpg,asian_openbill
asian_openbill/00000003.jpg,asian_openbill
asian_openbill/00000040.jpg,asian_openbill
asian_openbill/00000066.jpg,asian_openbill
asian_openbill/00000101.jpg,asian_openbill
asian_openbill/00000111.jpg,asian_openbill
asian_openbill/00000181.jpg,asian_openbill
asian_openbill/00000075.jpg,asian_openbill
asian_openbill/00000028.jpg,asian_openbill
asian_openbill/00000159.jpg,asian_openbill
asian_openbill/00000070.jpg,asian_openbill
asian_openbill/00000073.jpg,asian_openbill
asian_openbill/00000011.jpg,asian_openbill
asian_openbill/00000026.jpg,asian_openbill
asian_openbill/00000071.jpg,asian_openbill
asian_openbill/00000054.jpg,asian_openbill
asian_openbill/00000107.jpg,asian_openbill
asian_openbill/00000006.jpg,asian_openbill
asian_openbill/00000084.jpg,asian_openbill
asian_openbill/00000035.jpg,asian_openbill
asian_openbill/00000163.jpg,asian_openbill
asian_openbill/00000019.jpg,asian_openbill
asian_openbill/00000056.jpg,asian_openbill
asian_openbill/00000004.jpg,asian_openbill
asian_openbill/00000165.jpg,asian_openbill
asian_openbill/00000128.jpg,asian_openbill
asian_openbill/00000150.jpg,asian_openbill
asian_openbill/00000050.jpg,asian_openbill
asian_openbill/00000112.jpg,asian_openbill
asian_openbill/00000094.jpg,asian_openbill
asian_openbill/00000099.jpg,asian_openbill
asian_openbill/00000014.jpg,asian_openbill
asian_openbill/00000174.jpg,asian_openbill
asian_openbill/00000182.jpg,asian_openbill
asian_openbill/00000089.jpg,asian_openbill
asian_openbill/00000074.jpg,asian_openbill
asian_openbill/00000115.jpg,asian_openbill
asian_openbill/00000052.jpg,asian_openbill
asian_openbill/00000068.jpg,asian_openbill
asian_openbill/00000125.jpg,asian_openbill
asian_openbill/00000000.jpg,asian_openbill
asian_openbill/00000044.jpg,asian_openbill
asian_openbill/00000197.jpg,asian_openbill
asian_openbill/00000161.jpg,asian_openbill
asian_openbill/00000043.jpg,asian_openbill
asian_openbill/00000156.jpg,asian_openbill
asian_openbill/00000146.jpg,asian_openbill
asian_openbill/00000199.jpg,asian_openbill
asian_openbill/00000022.jpg,asian_openbill
asian_openbill/00000096.jpg,asian_openbill
asian_openbill/00000166.jpg,asian_openbill
asian_openbill/00000087.jpg,asian_openbill
asian_openbill/00000010.jpg,asian_openbill
asian_openbill/00000119.jpg,asian_openbill
asian_openbill/00000090.jpg,asian_openbill
asian_openbill/00000164.jpg,asian_openbill
asian_openbill/00000190.jpg,asian_openbill
asian_openbill/00000031.jpg,asian_openbill
asian_openbill/00000062.jpg,asian_openbill
asian_openbill/00000067.jpg,asian_openbill
asian_openbill/00000145.jpg,asian_openbill
asian_openbill/00000072.jpg,asian_openbill
asian_openbill/00000147.jpg,asian_openbill
asian_openbill/00000152.jpg,asian_openbill
asian_openbill/00000196.jpg,asian_openbill
asian_openbill/00000065.jpg,asian_openbill
asian_openbill/00000017.jpg,asian_openbill
asian_openbill/00000136.jpg,asian_openbill
asian_openbill/00000180.jpg,asian_openbill
asian_openbill/00000160.jpg,asian_openbill
asian_openbill/00000025.jpg,asian_openbill
asian_openbill/00000189.jpg,asian_openbill
asian_openbill/00000015.jpg,asian_openbill
asian_openbill/00000172.jpg,asian_openbill
asian_openbill/00000091.jpg,asian_openbill
asian_openbill/00000143.jpg,asian_openbill
asian_openbill/00000184.jpg,asian_openbill
asian_openbill/00000120.jpg,asian_openbill
asian_openbill/00000124.jpg,asian_openbill
asian_openbill/00000192.jpg,asian_openbill
asian_openbill/00000030.jpg,asian_openbill
asian_openbill/00000187.jpg,asian_openbill
asian_openbill/00000013.jpg,asian_openbill
asian_openbill/00000175.jpg,asian_openbill
asian_openbill/00000186.jpg,asian_openbill
asian_openbill/00000141.jpg,asian_openbill
asian_openbill/00000155.jpg,asian_openbill
asian_openbill/00000132.jpg,asian_openbill
asian_openbill/00000178.jpg,asian_openbill
asian_openbill/00000153.jpg,asian_openbill
asian_openbill/00000053.jpg,asian_openbill
asian_openbill/00000151.jpg,asian_openbill
asian_openbill/00000057.jpg,asian_openbill
asian_openbill/00000098.jpg,asian_openbill
asian_openbill/00000102.jpg,asian_openbill
asian_openbill/00000023.jpg,asian_openbill
asian_openbill/00000110.jpg,asian_openbill
asian_openbill/00000134.jpg,asian_openbill
